article_id,authors,publication_year,DOI,title,journal,section_in_doc,duplicate
911659,"Müller, Dreier, Beutel, Duven, Giralt, & Wölfling",2016,10.1016/j.chb.2015.09.007,A hidden type of internet addiction? Intense and addictive use of social networking sites in adolescents,Computers in Human Behavior,1.1,F
44523,Birgisson et al.,2023,10.1177/14034948231161382,The relationship between online communication and adolescents’ mental health: Long-term evaluation between genders,Scandinavian Journal of Public Health,1.1,F
586407,"Hunt, Xu, Fogelson & Rubens",2023,10.1521/jscp.2023.42.3.187,Follow Friends One Hour a Day: Limiting Time on Social Media and Muting Strangers...,Journal of Social and Clinical Psychology,3.1,F
10564,"McNamee, Mendolia, & Yerokhin",2021,10.1016/j.ehb.2021.100992,Social media use and emotional and behavioral outcomes in adolescence: Evidence from British longitudinal data,Economics & Human Biology,1.1,F
674245,"Ophir, Lipshits-Braziler & Rosenberg",2019,10.1177/2167702619849412,New-media screen time is not (necessarily) linked to depression,Clinical Psychological Science,1.1,F
183914,Yuen et al.,2019,10.1037/ppm0000178,The effects of Facebook on mood in emerging adults,Psychology of Popular Media Culture,3.3,F
79881,"Burnell, George, Vollet, Ehrenreich, & Underwood",2019,10.5817/CP2019-3-5,Passive social networking site use and well-being,Cyberpsychology: Journal of Psychosocial Research on Cyberspace,1.4,F
133981,Nguyen & Cheng,2022,10.1037/ppm0000427,A moderated mediation model of the relationship between passive social network usages and life satisfaction,Psychology of Popular Media,1.4,F
534278,"Gomez, Klare, Ceballos, Dailey, Kaiser & Howard",2022,10.1080/10447318.2021.1976510,Do You Dare to Compare?: The Key Characteristics of Social Media Users Who Frequently Make Online Upward Social Comparisons,International Journal of Human–Computer Interaction,1.4,F
816478,"Arenas-Arroyo, Fernández-Kranz, Nollenberger",2022,10.1016/j.jhealeco.2025.103014,High Speed Internet and the Widening Gender Gap in Adolescent Mental Health: Evidence from Hospital Records,Journal of Health Economics,3.5,F
449734,Naeemi & Tamam,2017,10.1007/s12187-016-9438-3,Emotional dependence on Facebook and psychological well-being in adolescents,Child Indicators Research,1.1,F
483115,Orben & Przybylski,2019,10.1038/s41562-018-0506-1,The association between adolescent well-being and digital technology use,Nature Human Behaviour,1.2,F
310119,"Yang, Yan, & Hussain",2022,10.1080/03623319.2022.2066880,"Smartphone distraction, problematic use and mental health in China",The Social Science Journal,1.1,F
710059,"Lapierre, Zhao, & Custer",2019,10.1016/j.jadohealth.2019.06.001,Short-Term Longitudinal Relationships Between Smartphone Use/Dependency and Psychological Well-Being Among Late Adolescents,Journal of Adolescent Health,2.1,F
397242,"McDool, Powell, Roberts, Taylor",2020,10.1016/j.jhealeco.2019.102274,The Internet and Children’s Psychological Wellbeing,Journal of Health Economics,3.5,F
384806,"Van der Wal, Valkenburg, & van Driel",2024,10.1177/20563051241248591,In Their Own Words: How Adolescents Differ in Their Social Media Use and How it Affects Them,Social Media & Society,4.3,F
808322,"Twenge, J.M.",2020,10.1176/appi.prcp.20190015,"Increases in Depression, Self-Harm, and Suicide Among U.S. Adolescents After 2012 and Links to Technology Use: Possible Mechanisms",Psychiatric Research and Clinical Practice,1.1,F
472645,"Twenge, Martin, & Campbell",2018,10.1037/emo0000403 ,Decreases in psychological well-being among American adolescents after 2012 and links to screen time during the rise of smartphone technology,Emotion,1.1,F
260139,"Einstein, Dabb, & Fraser",2023,10.1080/00049530.2023.2217961,"FoMO, but not self-compassion, moderates the link between social media use and anxiety in adolescence",Australian Journal of Psychology,1.4,F
432958,"Visier-Alfonso, López-Gil, Mesas, Jiménez-López, Cekrezi, & Martínez-Vizcaíno",2024,10.1089/cyber.2024.0064,"Does Socioeconomic Status Moderate the Association Between Screen Time, Mobile Phone Use, Social Networks, Messaging Applications, and Mental Health Among Adolescents?","Cyberpsychology, Behavior, and Social Networking",1.1,F
931739,Leggett-James & Laursen,2022,10.1177/02724316221136043,The Consequences of Social Media Use Across the Transition Into Adolescence: Body Image and Physical Activity,Journal of Early Adolescence,2.1,F
57759,"Erevik, Pallesen, Vedaa, Andreassen, Dhir, & Torsheim",2020,10.1007/s11469-020-00296-y,General and alcohol-related social media use and mental health: A large-sample longitudinal study,International Journal of Mental Health and Addiction,2.2,F
614520,Davison et al.,2022,10.1007/s12187-022-09924-6,"Less Screen Time, More Frequent Fruit and Vegetable Intake and Physical Activity are Associated with Greater Mental Wellbeing in Adolescents",Child Indicators Research,2.1,F
271043,"Vanman, Baker, & Tobin",2018,10.1080/00224545.2018.1453467,The burden of online friends: the effects of giving up Facebook on stress and well-being,Journal of Social Psychology,3.2,F
813640,"Zerhouni, Flaudias, Barré, Rodgers",2022,10.1016/j.bodyim.2022.09.011,The effects of exposure to social media images of thin and average size women on body satisfaction among young women,Body Image,3.7,F
108519,"Reed, Fowkes, Khela",2023,10.1007/s41347-023-00304-7,Reduction in Social Media Usage Produces Improvements in Physical Health and Wellbeing,Journal of Technology in Behavioral Science,3.1,F
40867,Aslan,2022,10.1080/17450128.2022.2079788,Relationship between smartphone addiction and loneliness in high school students,Vulnerable Children and Youth Studies,1.1,F
195642,Weinstein,2018,10.1177/1461444818755634,The social media see-saw: Positive and negative influences on adolescents’ affective well-being,New Media & Society,4.3,F
464611,Semken & Rossell,2022,10.1111/rssc.12578,Specification analysis for technology use and teenager well-being: Statistical validity and a Bayesian proposal,ArXiv (Pre-print),1.1,F
139489,Pritchard & Button,2023,10.1037/ppm0000454,#Instabod versus #BoPo: An experimental study of the effects of viewing idealized versus body-positive content on collegiate males’ and females’ body satisfaction,Psychology of Popular Media,3.3,F
362326,"Elhai, Yang, Rozgonjuk, & Montag",2020,10.1016/j.addbeh.2019.106261,Using machine learning to model problematic smartphone use severity: The significant role of fear of missing out. ,Addictive Behaviors,1.4,F
590306,"Primack, B.A., Shensa, A., Escobar-Viera, C.G., Barrett, E.L., Sidani, E., Colditz, J.B., & James, E.",2017,10.1016/j.chb.2016.11.013,Use of multiple social media platforms and symptoms of depression and anxiety: A nationally-representative study among U.S. young adults,Computers in Human Behavior,1.1,F
323355,"Brailovskaia, Ströse, Schillack & Margraf",2020,10.1016/j.chb.2020.106332,Less Facebook use – More well-being and a healthier lifestyle? An experimental intervention study,Computers in Human Behavior,3.1,F
528248,Kingsbury et al.,2021,10.1016/j.chb.2020.106614,Differential associations between types of social media use and university students’ non-suicidal self-injury and suicidal behavior,Computers in Human Behavior,1.4,F
165632,Hogue & Mills,2018,10.1016/j.bodyim.2018.11.002,The effects of active social media engagement with peers on body image in young women,Body Image,3.3,F
188119,"Beyens, Pouwels, van Driel, Keijsers, & Valkenburg",2020,10.1038/s41598-020-67727-7,The effect of social media on well-being differs from adolescent to adolescent,Scientific Reports,1.3,F
376768,Verduyn et al.,2015,10.1037/xge0000057,Passive Facebook usage undermines affective well-being: Experimental and longitudinal evidence,Social Issues and Policy Review,2.1,F
410149,Raphaely et al.,2024,10.1007/s10578-024-01749-4,Association Between Parental Problematic Internet Use and Adolescent Depression,Journal of Adolescent Health,1.4,F
928261,"Fardouly, Magson, Rapee, Johnco, & Oar",2020,10.1002/jclp.22936,The use of social media by Australian preadolescents and its links with mental health,Journal of Clinical Psychology,1.4,F
338549,Burke & Kraut,2016,10.1111/jcc4.12162,The relationship between Facebook use and well-being depends on communication type and tie strength,Journal of Computer-Mediated Communication,2.2,F
768600,Mills et al.,2018,10.1016/j.bodyim.2018.08.007,“Selfie” harm: Effects on mood and body image in young women,Body Image,3.3,F
661617,"Wang, Gaskin, Rost, & Gentile",2018,10.1177/0894439317721981,The Reciprocal Relationship Between Passive Social Networking Site (SNS) Usage and Users’ Subjective Well-Being,Social Science Computer Review,2.1,F
734641,"Weber, Messingschlager, Stein",2022,10.1080/15213269.2021.1968440,This is an insta-vention! Exploring cognitive countermeasures to reduce negative consequences of social comparisons on Instagram,Media Psychology,3.7,F
934926,Mojtabai,2023,10.1007/s00127-024-02657-7,Problematic Social Media Use and Internalizing Symptoms in Adolescents,Preprint,1.1,F
164263,"Spitzer, Crosby, & Witte",2022,10.1037/ppm0000380,Looking through a filtered lens: Negative social comparison on social media and suicidal ideation among young adults.,Psychology of Popular Media,1.4,F
895956,Kremer et al.,2014,10.1016/j.jsams.2013.03.012,"Physical activity, leisure-time screen use and depression among children and young adolescents",Journal of Science and Medicine in Sport,1.1,F
858058,Boers et al.,2019,10.1001/jamapediatrics.2019.1759,Associations of screen time and depression in adolescence,Journal of Affective Disorders,2.1,F
985942,"Joseph, de los Santos, Amaro",2022,10.1016/j.biopsycho.2022.108402,Naturalistic social cognitive and emotional reactions to technology-mediated social exposures and cortisol in daily life,Biological Psychology,3.7,F
336653,"Carter, Payne, Rees, Sohn, Brown, & Kalk",2024,10.1111/apa.17317,"A multi-school study in England, to assess problematic smartphone usage and anxiety and depression",Acta Paediatrica,1.1,F
175168,"Kennard, et al.",2025,10.1016/j.jad.2025.01.046,Problematic social media use and relationship to mental health characteristics in youth from the Texas Youth Depression and Suicide Research Network (TX-YDSRN),Journal of Affective Disorders,1.1,F
296967,Rothwell,2023,https://news.gallup.com/poll/513248/parenting-mitigates-social-media-linked-mental-health-issues.aspx,Parenting Mitigates Social Media-Linked Mental Health Issues,Gallup News,1.4,F
259427,"Hu, Ballow, Meng, Ellithorpe, & Meshi",2024,10.1080/10447318.2024.2404262,Social Network Density Mediates the Association Between Problematic Social Media Use and Depressive Symptoms,International Journal of Human-Computer Interaction,1.4,F
160216,Bradley & Howard,2021,10.1177/21677026221116889,"Stress, Mood, and Smartphone Use in University Students",Clinical Psychological Science,2.2,F
567000,"Vuorre, Orben, & Przybylski",2021,10.1177/2167702621994549,There is no evidence that associations between adolescents’ digital technology engagement and mental health problems have increased,Clinical Psychological Science,1.1,F
459659,Primack et al.,2019,10.1002/da.22779,The association between valence of social media experiences and depressive symptoms,Depression and Anxiety,1.1,F
533041,"Zhao, Paulus, & Potenza",2023,10.1556/2006.2023.00006,Brain structural co-development is associated with internalizing symptoms two years later in the ABCD cohort,Journal of Behavioral Addictions,2.1,F
289360,"Liu, Kamper-DeMarco, Zhang, Xiao, Dong, & Xue",2022,10.3390/ijerph19095164,Time Spent on Social Media and Risk of Depression in Adolescents,Int. J. Environ. Res. Public Health,1.1,F
984574,"Primack, Shensa et al.",2020,10.1016/j.amepre.2020.09.014,Temporal Associations Between Social Media Use and Depression,American Journal of Preventive Medicine,2.1,F
952135,"Kandola, Owen, Dunstan, & Hallgren",2021,10.1017/S0033291721000258,Prospective relationships of adolescents’ screen-based sedentary behaviour with depressive symptoms: The Millennium Cohort Study,Psychological Medicine,1.1,F
748097,Vuorre & Przybylski,2023,10.1177/21677026231207791,Global Well-Being and Mental Health in the Internet Age,Clinical Psychological Science,1.3,F
784700,McKinsey Health Institute,2023,https://www.mckinsey.com/mhi/our-insights/gen-z-mental-health-the-impact-of-tech-and-social-media,Social media and mental health: The impact on Gen Z,McKinsey,4.1,F
689730,Pryde & Prichard,2022,10.1016/j.bodyim.2022.09.004,TikTok on the clock but the #fitspo don’t stop: The impact of TikTok fitspiration videos on women’s body image concerns,Body Image,3.7,F
972211,"Napp, & Breda",2022,https://docs.iza.org/dp15811.pdf,Daily Use of Social Media Is Associated with More Body Dissatisfaction of Teenage Girls in a Large Cross-Cultural Survey,IZA Institute of Labor Economics,1.1,F
95366,"Cha, Mayers, Stutts",2022,10.1037/sah0000367,"The impact of curvy fitspiration and fitspiration on body dissatisfaction, negative mood, and weight bias in women",Stigma and Health,3.7,F
58184,"Hanna, Ward, Seabrook, Jerald, Reed, Giaccardi, & Lippman",2017,10.1089/cyber.2016.0247,Contributions of Social Comparison and Self-Objectification in Mediating Associations Between Facebook Use and Emergent Adults' Psychological Well-Being,"Cyberpsychology, Behavior, and Social Networking",1.4,F
957617,"Twigg, Duncan, & Weich",2020,10.1016/j.adolescence.2020.02.002,Is social media use associated with children’s well-being? Results from the UK Household Longitudinal Study,Journal of Adolescence,2.1,F
922583,Kardefelt-Winther,2017,https://www.unicef.org/innocenti/documents/how-does-time-children-spend-using-digital-technology-impact-their-mental-well-being,"How does the time children spend using digital technology impact their mental well-being, social relationships and physical activity?",UNICEF Office of Research – Innocenti,1.2,F
258059,"Twenge, Blake, Haidt, & Campbell",2020,10.3389/fpsyg.2020.00181,"Commentary: Screens, Teens, and Psychological Well-Being",Frontiers in Psychology,1.2,F
906375,"Winstone, Mars, Haworth, Heron, Kidger",2022,10.1002/jcv2.12071,Adolescent social media user types and their mental health and well-being,JCPP Advances,2.1,F
312560,"Twenge, Joiner, Rogers & Martin",2018,10.1177/2167702617723376,Increases in depressive symptoms and suicide-related outcomes among U.S. adolescents,Clinical Psychological Science,1.1,F
732497,"George, Russell, Piontak, & Odgers",2018,10.1111/cdev.12819,Concurrent and subsequent associations between daily digital technology use and high-risk adolescents’ mental health symptoms,Child Development,2.2,F
531011,Berryman et al.,2018,10.1007/s11126-017-9535-6,Social Media Use and Mental Health among Young Adults,Psychiatric Quarterly,1.2,F
771655,"Merrill, Cao, & Primack",2022,10.1016/j.jadr.2022.100385,"Associations between social media use, personality structure, and development of depression",Journal of Affective Disorders Reports,2.1,F
807900,Faverio et al.,2025,https://www.pewresearch.org/internet/2025/04/22/teens-social-media-and-mental-health/,"Teens, Social Media, and Mental Health",Pew Research Center,4.3,F
712573,Tartaglia & Bergagna,2022,10.2298/psi201002008T,Social networking sites passive use and its effects on sad-happy mood,Psihologija,3.3,F
19320,"Anderson, Vogels, Perrin, & Rainie",2022,https://www.pewresearch.org/internet/2022/11/16/connection-creativity-and-drama-teen-life-on-social-media-in-2022/,"Connection, Creativity and Drama: Teen Life on Social Media in 2022",Pew Research Center,4.3,F
673602,"Poulain, Meigen, Kiess, & Vogel",2025,10.1038/s41390-025-04108-8,"Smartphone use, wellbeing, and their association in children",Pediatric Research,1.1,F
173024,Brailovskaia & Margraf,2023,10.1016/j.crbeha.2022.100088,"Less sense of control, more anxiety, and addictive social media use: Cohort trends in German university freshmen between 2019 and 2021",Current Research in Behavioral Sciences,1.1,F
206047,"Leventhal, Cho, Keyes, Zink, Riehm, Zhang, & Ketema",2021,10.1016/j.pmedr.2021.101497,"Digital media use and suicidal behavior in U.S. adolescents, 2009-2017",Preventive Medicine Reports,1.1,F
38421,Shafi et al.,2021,10.1017/S1092852920001108,Suicidality and self-injurious behavior among adolescent social media users at psychiatric hospitalization,CNS Spectrums,1.1,F
304527,"Beeres, Andersson, Vossen, & Galanti",2021,10.1016/j.jadohealth.2020.07.042,Social Media and Mental Health Among Early Adolescents in Sweden: A Longitudinal Study With 2-Year Follow-Up (KUPOL Study),Journal of Adolescent Health,2.2,F
237542,Engeln et al.,2020,10.1016/j.bodyim.2020.04.007,"Compared to Facebook, Instagram use causes more appearance comparison and lower body satisfaction in college women",Body Image,3.3,F
107738,Stefana et al.,2022,10.1097/NMD.0000000000001577,Instagram Use and Mental Well-Being: The Mediating Role of Social Comparison,Journal of Nervous and Mental Disease,1.4,F
530897,"Miller, Mills, Vuorre, Orben, & Przybylski",2023,10.1016/j.cortex.2023.09.009,Impact of Digital Screen Media Activity on Functional Brain Organization in Late Childhood: Evidence from the ABCD Study,Cortex,1.2,F
329769,Orben & Przybylski,2019,10.1177/0956797619830329,"Screens, Teens, and Psychological Well-Being: Evidence From Three Time-Use-Diary Studies",Psychological Science,1.2,F
592965,Hamilton et al.,2021,10.1111/sltb.12801,Social media use and prospective suicidal thoughts and behaviors among adolescents at high risk for suicide,Suicide and Life-Threatening Behavior,2.2,F
230348,Bohnert & Gracia,2023,10.1002/jad.12193,Digital use and socioeconomic inequalities in adolescent well‐being: Longitudinal evidence on socioemotional and educational outcomes,Journal of Adolescence,2.1,F
510972,"Barthorpe, Winstone, Mars, & Moran",2020,10.1016/j.jad.2020.05.106,Is social media screen time really associated with poor adolescent mental health? A time use diary study,Journal of Affective Disorders,1.1,F
800297,"Thai, Davis, Stewart, Gunnell, & Goldfield",2021,10.1521/jscp.2021.40.6.481,The Effects of Reducing Social Media Use on Body Esteem Among Transitional-Aged Youth,Journal of Social and Clinical Psychology,3.1,F
472002,Headspace,2018,https://headspace.org.au/assets/headspace-National-Youth-Mental-Health-Survey-2018.pdf,Headspace National Youth Mental Health Survey,Headspace,4.1,F
992977,"Mahalingham, Howell, & Clarke",2023,10.1016/j.jbtep.2022.101791,Assessing the effects of acute reductions in mobile device social media use,Journal of Behavior Therapy and Experimental Psychiatry,3.2,F
536214,Allcott et al.,Working paper,10.3386/w33697,The Effect of Deactivating Facebook and Instagram on Users’ Emotional State,National Bureau of Economic Research,3.1,F
836180,Nesi et al.,2021,10.1080/15374416.2021.1955370,Emotional responses to social media experiences among adolescents,Journal of Clinical Child and Adolescent Psychology,2.1,F
634694,"Faelens, Hoorelbeke, Fried, De Raedt, & Koster",2019,10.1016/j.chb.2019.02.002,Negative influences of Facebook use through the lens of network analysis,Computers in Human Behavior,1.4,F
58493,Riehm et al.,2019,10.1001/jamapsychiatry.2019.2325,Associations Between Time Spent Using Social Media and Internalizing and Comorbid Mental Health Symptoms in US Youth,JAMA Psychiatry,2.1,F
928049,"Sewall, Goldstein, Wright, & Rosen",2022,10.1177/21677026221078309,"Does Objectively Measured Social-Media or Smartphone Use Predict Depression, Anxiety, or Social Isolation Among Young Adults?",Clinical Psychological Science,2.2,F
861422,"Faulhaber, Lee & Gentile",2023,10.1037/tmb0000111,The Effect of Self-Monitoring Limited Social Media Use on Psychological Well-Being,"Technology, Mind, and Behavior",3.1,F
219808,Royal Society for Public Health,2017,https://www.rsph.org.uk/static/uploaded/d125b27c-0b62-41c5-a2c0155a8887cd01.pdf,Survey of British teens ages 14–24 on effects of most popular platforms,Royal Society for Public Health,1.1,F
925638,"Steinsbekk, Nesi, & Wichstrøm",2023,10.1016/j.chb.2023.107859,Social Media Behaviors and Symptoms of Anxiety and Depression,Computers in Human Behavior,2.2,F
51657,Cebollero-Salinas et al.,2022,10.1016/j.chb.2022.107230,Cybergossip and problematic internet use in adolescent cyberaggression,Computers in Human Behavior,1.1,F
309730,Atwal & Browne,2022,10.1177/00332941221139995,Screen Time and Mental Health in Canadian Youth: An Examination of Nationally Representative Data,Psychological Reports,1.1,F
131463,Rosgonjuk et al.,2020,10.1177/2050157920910190,Instagram use frequency is associated with problematic smartphone use,Mobile Media & Communication,1.2,F
270043,"Davidson, Shaw, & Ellis",2020,10.1016/j.chb.2022.107206,[Preprint] Fuzzy constructs in technology usage scales,Preprint,1.2,F
198136,Chu et al.,2024,10.1007/s40519-024-01685-1,"Screen time, problematic screen use, and eating disorder symptoms among early adolescents: findings from the Adolescent Brain Cognitive Development (ABCD) Study",Eating and Weight Disorders,2.1,F
231875,"Kyung, Lim, Lee",2021,10.1108/INTR-04-2020-0171,Digital self-harm: An empirical analysis of the effects of broadband adoption on suicide,Internet Research,3.5,F
508573,"Samra, Warburton & Collins",2022,10.1556/2006.2022.00023,Social comparisons as a mechanism linking social media use and depression,Journal of Behavioral Addictions,1.4,F
31810,Lee & Hancock,2023,10.1093/jcmc/zmad048,Social media mindsets: A new approach to understanding social media use & psychological well-being,Journal of Computer-Mediated Communication,1.4,F
729887,Carter et al.,2024,10.1136/bmjment-2024-301115,"There's more to life than staring at a small screen': a mixed methods cohort study of problematic smartphone use and the relationship to anxiety, depression and sleep in students aged 13–16 years old in the UK",BMJ Mental Health,2.1,F
225206,"Downey, D.B., & Gibbs, B.G.",2020,10.1086/707985,Kids These Days: Are Face-to-Face Social Skills among American Children Declining?,American Journal of Sociology,1.1,F
556725,"Khan, Lee, Rosenbaum, Khan, & Tremblay",2021,10.1016/S2352-4642(21)00200-5,"Dose-dependent and joint associations between screen time, physical activity, and mental wellbeing in adolescents",The Lancet Child & Adolescent Health,1.1,F
890844,Rothwell,2023,https://news.gallup.com/poll/512576/teens-spend-average-hours-social-media-per-day.aspx,Teens Spend Average of 4.8 Hours on Social Media Per Day,Gallup News,1.4,F
856168,"Layte, Brannigan, & Stanistreet",2023,10.1016/j.chbr.2023.100293,Digital engagement and adolescent depression: A longitudinal mediation analysis adjusting for selection,Computers in Human Behavior Reports,2.1,F
723409,"McComb, Vanman, Tobin",2023,10.1080/15213269.2023.2180647,A Meta-Analysis of the Effects of Social Media Exposure to Upward Comparison Targets on Self-Evaluations and Emotions,Media Psychology,3.7,F
536800,"van Wezel, Abrahamse, Vanden Abeele",2021,10.1016/j.abrep.2021.100365,Does a 7-day restriction on the use of social media improve cognitive functioning and emotional well-being?,Addictive Behaviors Reports,3.2,F
822545,"Kwak, Kim, & Ahn",2022,10.1371/journal.pone.0264948,Impact of Internet usage time on mental health in adolescents,PLOS ONE,1.1,F
34076,"Harness, Fitzgerald, Sullivan, & Selkie",2022,10.1016/j.jadohealth.2022.04.011,Youth Insight About Social Media Effects on Well/Ill-Being and Self-Modulating Efforts,Journal of Adolescent Health,4.1,F
995895,"Clayborne, et al.",2024,10.1016/j.jpsychires.2024.11.071,Associations between social media use and positive mental health among adolescents: Findings from the Canadian Health Behaviour in School-aged Children Study,Journal of Psychiatric Research,1.1,F
121914,"Braghieri, Levy, Makarin",2022,10.1257/aer.20211218,Social Media and Mental Health,American Economic Review,3.5,F
861292,Hoare et al.,2020,10.1001/jamanetworkopen.2020.11381,Association of Child and Adolescent Mental Health With Adolescent Health Behaviors in the UK Millennium Cohort,JAMA Network Open,1.1,F
829210,"Anderson, Vogels, Perrin, & Rainie",2022,https://www.pewresearch.org/internet/2022/11/16/connection-creativity-and-drama-teen-life-on-social-media-in-2022/,"Connection, Creativity and Drama: Teen Life on Social Media in 2022",Pew Research Center,4.2,T
528645,"Mougharbel, & Goldfield",2020,10.1007/s13679-020-00401-1,Psychological Correlates of Sedentary Screen Time Behaviour Among Children and Adolescents: A Narrative Review,Current Obesity Reports,1.1,F
281743,Miljeteig & von Soest,2022,10.1027/1864-1105/a000333,An Experience Sampling Study on the Association Between Social Media Use and Self-Esteem,Journal of Media Psychology,2.1,F
354766,Orben & Przybylski,2020,10.1038/s41562-020-0840-y,Reply to: Underestimating digital media harm,Nature Human Behaviour,1.2,F
244920,"Thorisdottir, Sigurvinsdottir, Kristjansson, Allegrante, Lilly, & Sigfusdottir",2020,10.1016/j.ypmed.2020.106270,Longitudinal association between social media use and psychological distress among adolescents,Preventive Medicine,2.1,F
380006,González-Nuevo et al.,2021,10.1007/s11469-021-00711-y,Problematic Social Network Use: Structure and Assessment,International Journal of Mental Health and Addiction,1.4,F
521809,"Primack, Shensa, Escobar-Viera, Barrett, Sidani, Colditz, & James",2017,10.1016/j.chb.2016.11.013,Use of multiple social media platforms and symptoms of depression and anxiety: A nationally-representative study among U.S. young adults,Computers in Human Behavior,1.1,T
426481,Halldorsdottir et al.,2021,10.1002/jcv2.12027,Adolescent well-being amid the COVID-19 pandemic: Are girls struggling more than boys?,JCPP Advances,1.1,F
620944,"Jensen, George, Russell, & Odgers",2019,10.1177/2167702619859336,Young adolescents’ digital technology use and adolescents’ mental health symptoms: Little evidence of longitudinal or daily linkages,Clinical Psychological Science,2.2,F
387511,"Schreurs, Lee, Liu & Hancock",2024,10.1177/00936502241233787,When Adolescents’ Self-Worth Depends on Their Social Media Feedback: A Longitudinal Investigation With Depressive Symptoms,Communication Research,2.2,F
794294,"Walsh, Regan, Okabe-Miyamoto, & Lyubomirsky",2024,10.1371/journal.pone.0306910,Does putting down your smartphone make you happier?,PLOS ONE,3.2,F
921821,"Hanley, Watt, & Coventry",2019,10.1371/journal.pone.0217743,Taking a break: The effect of taking a vacation from Facebook and Instagram,PLOS ONE,3.2,F
19472,Nesi & Prinstein,2015,10.1007/s10802-015-0020-0,Using social media for social comparison and feedback-seeking: Gender and popularity moderate associations with depressive symptoms,Journal of Abnormal Child Psychology,1.1,F
650878,Boer,2022,https://dspace.library.uu.nl/handle/1874/416580,#ConnectedTeens: Social media use and adolescent wellbeing,Doctoral dissertation (University of Amsterdam),1.2,F
950452,Hawes et al.,2020,10.1016/j.bodyim.2020.02.010,"Unique associations of social media use and online appearance preoccupation with depression, anxiety, and appearance rejection sensitivity",Body Image,1.1,F
79784,Vuorre & Przybylski,2023,10.1037/tmb0000127,A multiverse analysis of the associations between internet use and well-being,PsyArXiv (preprint),3.6,F
244806,Viner et al.,2019,10.1016/S2352-4642(19)30186-5,"Roles of cyberbullying, sleep, and physical activity in mediating the effects of social media use on mental health and wellbeing among young people in England: a secondary analysis of longitudinal data",The Lancet Child & Adolescent Health,2.1,F
43678,"Allcott, Braghieri, Eichmeyer & Gentzkow",2020,10.1257/aer.20190658,The welfare effects of social media,American Economic Review,3.1,F
426116,Faverio et al.,2024,https://www.pewresearch.org/internet/feature/why-many-parents-and-teens-think-its-harder-being-a-teen-today/,Why Many Parents and Teens Think It’s Harder Being a Teen Today,Pew Research Center,4.1,F
77417,Vally & D’Souza,2019,10.1111/ppc.12431,"Abstinence from social media use, subjective well-being, stress, and loneliness",Perspectives in Psychiatric Care,3.2,F
449681,Common Sense Media & Hopelab,2024,https://www.commonsensemedia.org/sites/default/files/research/report/2024-double-edged-sword-hopelab-report_final-release-for-web-v2.pdf,A Double-Edged Sword: How Diverse Communities of Young People Think About the Multifaceted Relationship Between Social Media and Mental Health,Common Sense Media & Hopelab,4.3,F
644502,Shakya & Christakis,2017,10.1093/aje/kww189,Association of Facebook Use With Compromised Well-Being: A Longitudinal Study,American Journal of Epidemiology,2.1,F
668848,Frison & Eggermont,2017,10.1089/cyber.2017.0156,"Browsing, Posting, and Liking on Instagram","Cyberpsychology, Behavior, and Social Networking",2.1,F
840046,American Psychological Association,2018,https://www.apa.org/news/press/releases/stress/2018/stress-gen-z.pdf,Stress in America: Generation Z,American Psychological Association,4.3,F
477787,"Lin, Sidani, Shensa et al.",2016,10.1002/da.22466,Association between social media use and depression among U.S. young adults,Depression and Anxiety,1.1,F
134669,Price et al.,2022,10.1037/tra0001202,Doomscrolling during COVID-19: Negative association between social media use and mental health,"Psychological Trauma: Theory, Research, Practice, and Policy",1.1,F
674078,"Przybylski, Nguyen, Law, & Weinstein",2021,10.1007/s41347-020-00189-w,Does Taking a Short Break from Social Media Have a Positive Effect on Well-being?,J. of Technology in Behavioral Science,3.2,F
993340,Brailovskaia,2023,10.1080/0144929X.2023.2286529,"Less social media use – more satisfied, work-engaged and mentally healthy employees: an experimental intervention study",Behaviour and Information Technology,3.1,F
125894,Vaghefi,2024,10.17705/1thci.00208,Taking a Break from Social Media? A Multi-method Investigation of Social Media Abstinence Duration,AIS Transactions on Human-Computer Interaction,3.8,F
800131,"Triệu, Ellison, Schoenebeck, & Brewer",2021,10.1177/20563051211042400,Implications of Facebook Engagement Types and Feed’s Social Content for Self-Esteem via Social Comparison Processes,Social Media + Society,1.4,F
66878,"Fruehwirth, Weng, & Perreira",2024,10.1002/hec.4871,The effect of social media use on mental health of college students during the pandemic,Health Economics,2.1,F
224158,"Svensson, Johnson, & Olsson",2022,10.1186/s12889-022-12670-7,Does gender matter? The association between different digital media activities and adolescent well-being,BMC Public Health,1.1,F
156864,Robinson et al.,2019,10.1111/jabr.12158,"Social comparisons, social media addiction, and social interaction",Journal of Applied Biobehavioral Research,1.1,F
248439,Hesselle & Montag,2024,10.1186/s40359-024-01611-1,Effects of a 14-day social media abstinence on mental health and well-being,BMC Psychology,3.1,F
67308,"Hunt, All, Burns, & Li",2021,10.1521/jscp.2021.40.1.46,"Too much of a good thing: Who we follow, what we do, and how much time we spend...",Journal of Social and Clinical Psychology,3.1,F
466890,"Papageorgiou, Fisher & Cross",2022,10.1186/s12905-022-01845-4,“Why don’t I look like her?” How adolescent girls view social media and its connection to body image,BMC Women's Health,4.1,F
363527,"Keum, Wang, Callaway, Abebe, Cruz, & O’Connor",2022,10.1007/s12144-022-03473-5,Benefits and harms of social media use: A latent profile analysis of emerging adults,Current Psychology,1.3,F
299455,"Griffioen, Scholten, Lichtwarck-Aschoff, Maciejewski, & Granic",2022,10.1007/s12144-022-04035-5,Heterogeneity in some relationships between social media use and emerging adults’ affective wellbeing,Current Psychology,1.3,F
932070,"Orben, Dienlin, & Przybylski",2019,10.1073/pnas.1902058116,Social media’s enduring effect on adolescent life satisfaction,PNAS,2.2,F
4886,"Schettino, Fabbricatore & Caso",2022,10.1037/ppm0000417,"“To Be Yourself or Your Selfies, That Is the Question”: The Moderation Role of Gender, Nationality, and Privacy Settings in the Relationship Between Selfie-Engagement and Body Shame",Psychology of Popular Media,1.4,F
791739,Brailovskaia & Margraf,2020,10.1016/j.psychres.2020.113110,Decrease of well-being and increase of online media use: Cohort trends in German university freshmen between 2016 and 2019,Psychiatry Research,1.1,F
456420,Golin,2022,10.1002/hec.4570,The Effect of Broadband Internet on the Gender Gap in Mental Health: Evidence from Germany,Health Economics,3.5,F
879578,Kim & Kim,2023,10.3390/socsci12020087,"Social Media Affordances of Ephemerality and Permanence: Social Comparison, Self-Esteem, and Body Image Concerns",Social Sciences,1.1,F
958424,"Satici, Gocet Tekin, Deniz, & Satici",2022,10.1007/s11482-022-10110-7,"Doomscrolling Scale: Its Association with Personality Traits, Psychological Distress, Social Media Use, and Wellbeing",Applied Research in Quality of Life,1.1,F
554325,Wall Street Journal,2021,https://www.wsj.com/articles/the-facebook-files-11631713039?mod=bigtop-breadcrumb,Facebook’s Internal Research: The Facebook Files,Wall Street Journal,4.1,F
47261,"Vannucci, Flannery, & Ohannessian",2017,10.1016/j.jad.2016.08.040,Social media use and anxiety in emerging adults,Journal of Affective Disorders,1.1,F
601516,"Coyne, Rogers, Zurcher, Stockdale, & Booth",2019,10.1016/j.chb.2019.106160,Does time spent using social media impact mental health?: An eight year longitudinal study,Computers in Human Behavior,2.2,F
887261,Kreski et al.,2020,10.1016/j.jadohealth.2020.07.006,Social media use and depressive symptoms among United States adolescents,Journal of Adolescent Health,1.2,F
265289,Johnson & Persico,2024,10.3386/w32517,"Broadband internet access, economic growth, and wellbeing",National Bureau of Economic Research,3.6,F
694052,"Boer, Stevens, Finkenauer, & van den Eijnden",2022,10.1016/j.chb.2021.107084,The Complex Association Between Social Media Use Intensity and Adolescent Wellbeing,Computers in Human Behavior,2.2,F
97854,"Babic, Smith, Morgan, et al.",2017,10.1016/j.mhpa.2017.04.001,Longitudinal associations between changes in screen-time and mental health outcomes in adolescents,Mental Health and Physical Activity,2.1,F
285788,"Satici, Gocet Tekin, Deniz, & Satici",2022,10.1007/s11482-022-10110-7,"Doomscrolling Scale: Its Association with Personality Traits, Psychological Distress, Social Media Use, and Wellbeing",Applied Research in Quality of Life,1.1,T
119515,Sampasa-Kanyinga & Lewis,2015,10.1089/cyber.2015.0055 ,Frequent use of social networking sites is associated with poor psychological functioning among children and adolescents,"Cyberpsychology, Behavior, and Social Networking",1.1,F
365697,Robertson et al.,2022,10.1016/j.jad.2022.05.071,Associations between screen time and internalizing disorder diagnoses among 9- to 10-year-olds,Journal of Affective Disorders,1.1,F
754101,Nesi & Prinstein,2019,10.1080/15374416.2018.1437733,In Search of Likes: Longitudinal Associations Between Adolescents’ Digital Status Seeking and Health-Risk Behaviors,Journal of Clinical Child & Adolescent Psychology,2.1,F
452819,"Brannigan, Gil-Hernández, McEvoy, Cronin, Stanistreet, & Layte",2022,10.1016/j.chb.2022.107290,Digital engagement and its association with adverse psychiatric symptoms: A longitudinal cohort study utilizing latent class analysis,Computers in Human Behavior,2.1,F
87700,Orben & Przybylski,2020,10.7717/peerj.8427,Teenage sleep and technology engagement across the week,PeerJ,1.2,F
128282,Ozimek & Bierhoff,2019,10.1080/0144929X.2019.1642385,"All my online-friends are better than me – three studies about ability-based comparative social media use, self-esteem, and depressive tendencies",Behaviour & Information Technology,3.3,F
619862,"Hall, Xing, Ross, & Johnson",2019,10.1080/15213269.2019.1688171,Experimentally manipulating social media abstinence: results of a four-week diary study,Media Psychology,3.2,F
171894,Tng & Yang,2023,10.1080/0144929X.2023.2196573,Nuanced relationships between indices of smartphone use and psychological distress,Behaviour & Information Technology,1.1,F
460860,Brown & Kuss,2020,10.3390/ijerph17124566,"Fear of Missing Out, Mental Wellbeing, and Social Connectedness: A Seven-Day Social Media Abstinence Trial",International Journal of Environmental Research and Public Health,3.1,F
393924,Twenge & Campbell,2019,10.1007/s11126-019-09630-7,Media Use Is Linked to Lower Psychological Well-Being: Evidence from Three Datasets,Psychiatric Quarterly,1.1,F
525789,Davis & Goldfield,2024,10.1037/ppm0000536,"Limiting Social Media Use Decreases Depression, Anxiety, and Fear of Missing Out in Youth With Emotional Distress: A Randomized Controlled Trial",Psychology of Popular Media,3.1,F
761736,Lepp & Barkley,2022,10.1007/s12144-022-03747-y,"The experimental effect of social media use, treadmill walking, studying, and a control condition on positive and negative affect in college students",Current Psychology,3.3,F
858388,"Kelly, Zilanawala, Booker & Sacker",2019,10.1016/j.eclinm.2018.12.005,Social Media Use and Adolescent Mental Health,EClinicalMedicine (Lancet),1.1,F
715383,Twenge & Farley,2020,10.1007/s00127-020-01906-9,Not all screen time is created equal: Associations with mental health vary by activity and gender,Social Psychiatry and Psychiatric Epidemiology,1.1,F
718774,McComb & Mills,2021,10.1016/j.bodyim.2021.03.012,Young women’s body image following upwards comparison to Instagram models: The role of physical appearance perfectionism and cognitive emotion regulation,Body Image,2.3,F
552143,"Zhang, Zhu, Sun, Chen",2021,10.3389/fpsyg.2021.756010,Does Influencers Popularity Actually Matter? An Experimental Investigation of the Effect of Influencers on Body Satisfaction and Mood Among Young Chinese Females: The Case of RED (Xiaohongshu),Frontiers in Psychology,3.7,F
251219,Rothwell,2023,https://ifstudies.org/blog/how-parenting-and-self-control-mediate-the-link-between-social-media-use-and-youth-mental-health,How Parenting and Self-control Mediate the Link Between Social Media Use and Youth Mental Health,Institute for Family Studies,1.4,F
885458,Coyne et al.,2021,10.1007/s10964-020-01389-6,Suicide Risk in Emerging Adulthood: Associations with Screen Time Over 10 Years,Journal of Youth and Adolescence,2.1,F
948593,"Fioravanti, Prostamo, & Casale",2020,10.1089/cyber.2019.0400,Taking a Short Break from Instagram: The Effects on Subjective Well-Being,"Cyberpsychology, Behavior, and Social Networking",3.1,F
949671,UK Dept. for Education,2019,https://www.gov.uk/government/publications/state-of-the-nation-2019-children-and-young-peoples-wellbeing,State of the Nation 2019: Children and Young People’s Wellbeing,UK Government Report,1.2,F
952513,"Gerosa, Gui",2023,10.1016/j.ssresearch.2023.102915,"Earlier Smartphone Acquisition Negatively Impacts Language Proficiency, but Only for Heavy Media Users",Social Science Research,3.5,F
259618,Collis & Eggers,2022,10.1371/journal.pone.0272416,Effects of restricting social media usage on wellbeing and performance,PLOS ONE,3.2,F
283964,"Thai, Davis, Mahboob, Perry, Adams & Gold",2023,10.1037/ppm0000460,Reducing Social Media Use Improves Appearance and Weight Esteem in Youth With Emotional Distress,Psychology of Popular Media,3.1,F
349604,"Jarman, Marques, McLean, Slater, & Paxton",2021,10.1016/j.bodyim.2020.11.005,"Social media, body satisfaction and well-being",Body Image,1.4,F
92903,"Beeres, Andersson, Vossen, & Galanti",2020,10.1016/j.jadohealth.2020.07.042,Social media and mental health among early adolescents in Sweden: A longitudinal study with 2-year follow-up (KUPOL Study),Journal of Adolescent Health,2.2,T
657146,"Orben, Przybylski, Blakemore, Kievit",2022,10.1038/s41467-022-29296-3,Windows of developmental sensitivity to social media,Nature Comunications,2.1,F
513783,"Geng, Gu, Wang & Zhang",2021,10.1016/j.jad.2021.06.062,"Smartphone addiction and depression, anxiety: The role of bedtime procrastination and self-control.",Journal of Affective Disorders,,F
516816,"Tang, Xu, Tan, & Liu",2024,10.3389/fpsyg.2024.1347858,The impact of social network use on adolescent depression: the chain mediation between self-objectification and body satisfaction,Frontiers in Psychology,1.4,F
373452,Kerr & Kingsbury,2023,10.25318/82-003-x202300200002-eng,Online digital media use and adolescent mental health,Statistics Canada,1.1,F
673384,"Panayiotou, Black, Carmichael-Murphy, Qualter, & Humphrey",2023,10.1038/s44220-023-00063-7,Time spent on social media among the least influential factors in adolescent mental health,Nature Mental Health,1.2,F
941995,Royal Society for Public Health,2017,https://www.rsph.org.uk/about-us/news/instagram-ranked-worst-for-young-people-s-mental-health.html,Instagram ranked worst for young people’s mental health,RSPH,4.1,T
838274,Choi & Kim,2021,10.1080/15213269.2020.1824120,Between Instagram browsing and subjective well-being: Social comparison or emotional contagion?,Media Psychology,2.3,F
770980,Sagioglou & Greitemeyer,2014,10.1016/j.chb.2014.03.003,Facebook’s emotional consequences: Why Facebook causes a decrease in mood and why people still use it,Computers in Human Behavior,3.3,F
774180,Hartas,2021,10.1080/02671522.2019.1697734,The social context of adolescent mental health and wellbeing,Research Papers in Education,1.1,F
589785,"Brailovskaia, Swarlik, Grethe, Schillack & Margraf",2022,10.1007/s10389-022-01751-x,Experimental longitudinal evidence for causal role of social media use and physical activity in COVID-19 burden and mental health,Journal of Public Health,3.1,F
82005,"van der Wal, Beyens, Janssen, & Valkenburg",2024,10.31234/osf.io/qe9rn,Social Media Use Leads to Negative Mental Health Outcomes for Most Adolescents,Preprint,1.1,F
372804,"Wolgast, Lundberg, Palmqvist, & Wolgast",2023,10.1521/jscp.2023.42.6.558,Effects of Reduced and Altered Use of Social Networking Sites— A Randomized Controlled Study,Journal of Social and Clinical Psychology,3.1,F
139371,Guo,2022,https://www.elaineguo.com/research,Social Media and Teenage Mental Health: Quasi-Experimental Evidence,Working Paper,3.5,F
405427,"Brailovskaia, Krasavtseva, Kochetkov, Tour, & Margraf",2022,10.1177/17455057221141292,"Social media use, mental health, and suicide-related outcomes in Russian women",Women's Health,1.1,F
66528,"Mirea, Mildner, Kelley, Gillan, Nook, & Niv",2024,10.31234/osf.io/4ynbc,Depression is associated with higher sensitivity to social media rewards,Preprint,1.1,F
856245,"Mosquera, Odunowo, McNamara et al.",2019,10.1007/s10683-019-09625-y,The economic effects of Facebook,Experimental Economics,3.1,F
397010,Schmiedeberg & Schröder,2017,10.1007/s11482-016-9458-7,Leisure Activities and Life Satisfaction: an Analysis with German Panel Data,Applied Research in Quality of Life,2.1,F
719494,"Nesi, Mann, & Robb",2023,https://www.commonsensemedia.org/research/teens-and-mental-health-how-girls-really-feel-about-social-media,Teens and Mental Health: How Girls Really Feel About Social Media,Common Sense Media,4.3,F
964837,"Schwartz, Steinau, Kraus, & In-Albon",2022,10.1026/0942-5403/a000392,The Effect of a 1-Week Abstinence From Instagram on Mental Health in Youth and Young Adults,Kindheit und Entwicklung,3.1,F
394241,Jaidka,2022,10.1038/s41598-022-07219-y,"Cross-platform- and subgroup-differences in the well-being effects of Twitter, Instagram, and Facebook in the United States.",Scientific Reports,1.1,F
794538,"Kim, Favotto, Halladay, Wang, Boyle, & Georgiades",2020,10.1007/s00127-020-01833-9,Differential associations between passive and active forms of screen time and adolescent mood and anxiety disorders,Social Psychiatry and Psychiatric Epidemiology,1.3,F
797380,"Plackett, Sheringham, & Dykxhoorn",2023,10.2196/43213,The Longitudinal Impact of Social Media Use on UK Adolescents’ Mental Health,Journal of Medical Internet Research,2.2,F
635537,"Sewall, Merranko, Rosen, & Bear",2020,10.1177/2050157920902830,How psychosocial well-being and usage amount predict inaccuracies in retrospective estimates of digital technology use,Mobile Media & Communication,1.2,F
105205,"Aubry, Quiamzade & Meier",2024,10.1016/j.paid.2023.112458,Depressive symptoms and upward social comparisons during Instagram use: A vicious circle,Personality and Individual Differences,2.3,F
794969,Tromholt,2016,10.1089/cyber.2016.0259,The Facebook experiment: Quitting Facebook leads to higher levels of well-being,"Cyberpsychology, Behavior, and Social Networking",3.1,F
195908,Primack et al.,2017,10.1016/j.amepre.2017.01.010,Social media use and perceived social isolation among young adults in the U.S.,American Journal of Preventive Medicine,1.1,F
226379,Lowe-Calverley & Grieve,2021,10.1016/j.bodyim.2020.10.003,Do the metrics matter? An experimental investigation of Instagram influencer effects on mood and body dissatisfaction,Body Image,3.3,F
886838,"Puukko, Hietajärvi, Maksniemi, Alho, & Salmela-Aro",2020,10.3390/ijerph17165921,Social Media Use and Depressive Symptoms—A Longitudinal Study from Early to Late Adolescence,International Journal of Environmental Research and Public Health,2.2,F
655002,"Vuong, Jarman, Doley, & McLean",2021,10.3390/ijerph182413222,Social Media Use and Body Dissatisfaction in Adolescents: The Moderating Role of Thin- and Muscular-Ideal Internalisation,International Journal of Environmental Research and Public Health,1.1,F
727178,"Barry, Sidoti, Briggs, Reiter, & Lindsey",2017,10.1016/j.adolescence.2017.08.005,Adolescent social media use and mental health from adolescent and parent perspectives,Journal of Adolescence,1.1,F
520399,"Tørmoen, Myhre, Kildahl, Walby, & Rossow",2023,10.1038/s41598-023-46370-y,A nationwide study on time spent on social media and self-harm among adolescents,Scientific Reports,1.1,F
318913,"Steers, Wickham, & Acitelli",2014,10.1521/jscp.2014.33.8.701,Seeing everyone else’s highlight reels: How Facebook usage is linked to depressive symptoms,Journal of Social and Clinical Psychology,1.4,F
192999,"Klinger, Plener, Marboe, Karwautz, Kothgassner, & Dienlin",2024,10.1186/s13034-024-00797-x,Exploring the relationship between media use and depressive symptoms among gender diverse youth: findings of the Mental Health Days Study,Child and Adolescent Psychiatry and Mental Health,1.1,F
684578,"Mitev, Weinstein, Karabeliova, Nguyen, Law & Przybylski",2021,10.1037/tmb0000033,"Social media use only helps, and does not harm, daily interactions and well-being","Technology, Mind, and Behavior",2.2,F
128189,"Heffer, Good, Daly, McDonnell, & Willoughby",2019,10.1177/2167702618812727,The Longitudinal Association Between Social-Media Use and Depressive Symptoms Among Adolescents and Young Adults: An Empirical Reply to Twenge et al. (2018),Clinical Psychological Science,2.2,F
783714,Lee,2022,10.1007/s12144-020-01114-3,The effects of social comparison orientation on psychological well-being in social networking sites: Serial mediation of perceived social support and self-esteem,Current Psychology,1.4,F
458640,"Ivie, Pettitt, Moses, & Allen",2020,10.1016/j.jad.2020.06.014,A meta-analysis of the association between adolescent social media use and depressive symptoms,Journal of Affective Disorders,1.1,F
593369,Stevic & Matthes,2021,10.1016/j.tele.2021.101677,A vicious circle between children’s non-communicative smartphone use and loneliness: Parents cannot do anything about it.,Telematics & Informatics,2.1,F
992950,"Simon, Cu, De Jesus, Go, Lim, & Say",2022,10.1016/j.paid.2021.111346,Worried about being imperfect? The mediating effect of physical appearance perfectionism between Instagram addiction and body esteem,Personality and Individual Differences,1.4,F
556546,"Fitzpatrick, Lemieux, Smith, West, Bohbot, & Asbridge",2023,10.1017/S0033291723000284,Is adolescent internet use a risk factor for the development of depression symptoms or vice-versa?,Psychological Medicine,2.1,F
685596,Rapee et al.,2022,10.1016/j.brat.2022.104126,"Risk for social anxiety in early adolescence: Longitudinal impact of pubertal development, appearance comparisons, and peer connections",Behaviour Research and Therapy,2.1,F
9078,"Chu, Ganson, Baker, Testa, Jackson, Murray, & Nagata",2023,10.1016/j.ypmed.2023.107452,Screen time and suicidal behaviors among U.S. children 9–11 years old: A prospective cohort study,Preventive Medicine,2.1,F
616859,"Hunt, Marx, Lipson & Young",2018,10.1521/jscp.2018.37.10.751,No more FOMO: Limiting social media decreases loneliness and depression,Journal of Social and Clinical Psychology,3.1,F
318799,Mundy et al.,2020,10.1002/da.23117,Social networking and symptoms of depression and anxiety in early adolescence.,Journal of Abnormal Child Psychology,2.1,F
841753,"Anderl, Hofer, & Chen",2023,10.1177/02654075231158300,Directly-measured smartphone screen time predicts well-being and social connectedness,Journal of Social and Personal Relationships,1.1,F
848053,Twenge & Martin,2020,10.1016/j.adolescence.2019.12.018,Gender differences in associations between digital media use and psychological well-being: Evidence from three large datasets,Journal of Adolescence,1.1,F
611040,"Di Cara, Winstone, Sloan, Davis, & Haworth",2022,10.1038/s44184-022-00011-w,The mental health and well-being profile of young adults using social media,Npj Mental Health Research,1.2,F
502196,Boer et al.,2020,10.1016/j.jadohealth.2020.02.014,Adolescents’ Intense and Problematic Social Media Use and Their Well-Being in 29 Countries,Journal of Adolescent Health,1.1,F
159078,"McAlister, Hisler, Blake, Twenge, Farley, & Hamilton",2021,10.1007/s10802-021-00832-x,Associations Between Adolescent Depression and Self-Harm Behaviors and Screen Media Use in a Nationally Representative Time-Diary Study,Research on Child and Adolescent Psychopathology,1.1,F
832648,"Jeong, Kim, Ryu, & Lee",2022,10.1007/s11469-022-00957-0,A Longitudinal Relationship Between Mother’s Smartphone Addiction to Child’s Smartphone Addiction,International Journal of Mental Health and Addiction,2.1,F
989928,Popat & Tarrant,2022,10.1177/13591045221092884,Exploring adolescents’ perspectives on social media and mental health and well-being,Clinical Child Psychology and Psychiatry,4.1,F
991364,"Arceneaux, Foucault, Giannelos, Ladd, & Zengin",2024,10.1098/rsos.240280,"Facebook increases political knowledge, reduces well-being and informational treatments do little to help",Royal Society Open Science,3.1,F
930911,"Graham, Mason, Riordan, Winter, & Scarf",2021,10.1089/cyber.2020.0217,Taking a Break from Social Media Improves Wellbeing Through Sleep Quality,"Cyberpsychology, Behavior, and Social Networking",3.1,F
152242,Lee et al.,2022,10.1186/s12889-022-13409-0,Social media use and mental health during COVID-19: Meta-analysis,BMC Public Health,1.1,F
382728,Kleemans et al.,2018,10.1080/15213269.2016.1257392,Picture Perfect: The Direct Effect of Manipulated Instagram Photos on Body Image in Adolescent Girls,Media Psychology,3.3,F
239364,"Lambert, Barnstable, Minter, Cooper & McEwan",2022,10.1089/cyber.2021.0324,"Taking a One-Week Break from Social Media Improves Well-Being, Depression, and Anxiety","Cyberpsychology, Behavior, and Social Networking",3.1,F
225931,"Booker, Kelly, & Sacker",2018,10.1186/s12889-018-5220-4,Gender differences in the associations between age trends of social media interaction and well-being,BMC Public Health,2.1,F
216759,"Vuorre, Orben, & Przybylski",2021,10.1177/2167702621994549,There is no evidence that associations between adolescents’ digital technology engagement and mental health problems have increased,Clinical Psychological Science,1.2,T
646095,"Azhari, Toms, Pavlopoulou, Esposito, & Dimitriou",2022,10.1016/j.actpsy.2022.103706,"Social media use in female adolescents: Associations with anxiety, loneliness, and sleep disturbances",Acta Psychologica,1.1,F
409440,"Rosen, Lim, Felt et al.",2014,10.1016/j.chb.2014.01.036,"Media and technology use predicts ill-being among children, preteens and teenagers",Computers in Human Behavior,1.1,F
323864,"Woods, & Scott",2016,10.1016/j.adolescence.2016.05.008,"#Sleepyteens: Social media use in adolescence is associated with poor sleep quality, anxiety, depression and low self-esteem",Journal of Adolescence,1.1,F
489245,Twenge et al.,2020,10.1038/s41562-020-0839-4,Underestimating digital media harm,Nature Human Behaviour,1.2,F
358634,Przybylski & Weinstein,2017,10.1177/0956797616678438,A large-scale test of the goldilocks hypothesis,Psychological Science,1.1,F
788328,"Twenge, Joiner, Rogers & Martin",2020,10.1177/2167702619898179,Considering all the data on digital media use and depressive symptoms,Clinical Psychological Science,1.1,F
813031,"Aalbers, McNally, Heeren et al.",2018,10.1037/xge0000528,Social media and depression symptoms: A network perspective,Journal of Experimental Psychology: General,2.2,F
987448,"Turel, Cavagnaro, & Meshi",2018,10.1016/j.psychres.2018.11.017,"Short abstinence from online social networking sites reduces perceived stress, especially in excessive users",Psychiatry Research,3.1,F
482051,Sherlock & Wagstaff,2019,10.1037/ppm0000182,"Exploring the relationship between frequency of Instagram use, exposure to idealized images, and psychological well-being in women",Psychology of Popular Media Culture,3.3,F
181127,"Schemer, Masur, Geiß, et al.",2021,10.1093/jcmc/zmaa014,The Impact of Internet and Social Media Use on Well-Being,Journal of Computer-Mediated Communication,2.2,F
38122,Schmidt-Persson et al.,2024,10.1001/jamanetworkopen.2024.19881,Screen Media Use and Mental Health of Children and Adolescents: A Secondary Analysis of a Randomized Clinical Trial,JAMA Network Open,3.8,F
47240,"Arendt, Scherr, & Romer",2019,10.1177/1461444819850106,Effects of exposure to self-harm on social media: Evidence from a two-wave panel study among young adults,New Media & Society,2.1,F
14801,"Donati, Durante, Sobbrio, Zejcirovic",2022,10.1016/j.jhealeco.2025.103017,Lost in the Net? Broadband Internet and Youth Mental Health,SSRN Working Paper,3.5,F
68901,Minich & Moreno,2024,10.1371/journal.pone.0298422,Real-world adolescent smartphone use is associated with improvements in mood,"PLOS ONE, 19(5)",1.3,F
208197,Weiß et al.,2022,10.1016/j.jadr.2022.100343,Extraversion moderates social media use and depression,Journal of Affective Disorders Reports,1.1,F
213903,"Hökby, Hadlaczky, Westerlund et al.",2016,10.2196/mental.5925,Are Mental Health Effects of Internet Use Attributable to the Web-Based Content or Perceived Consequences of Usage? A Longitudinal Study of European Adolescents,JMIR Mental Health,2.1,F
310197,Irmer & Schmiedek,2023,10.1038/s44271-023-00013-0,Associations between youth’s daily social media use and well-being are mediated by upward comparisons,Communications Psychology,1.4,F